	CHROM	POS	ID	F0	F1	F2	SC2Disease	ClnSig
679	17	19111	rs188878747	0.01508	0.01508	1.0	N/A	N/A
894	17	25301	rs556043216	0.02188	0.02188	1.0	N/A	N/A
907	17	25643	rs146418473	0.02188	0.02188	1.0	N/A	N/A
959	17	27268	rs78261775	0.03117	0.04507	0.7232	N/A	N/A
324	17	8664	rs112354759	0.03456	0.05386	1.0	N/A	N/A
960	17	27329	rs552279531	0.05706	0.05706	1.0	N/A	N/A
326	17	8684	rs184574095	0.06061	0.06061	1.0	N/A	N/A
462	17	11885	rs61997067	0.06061	0.06061	1.0	N/A	N/A
211	17	5953	rs113976434	0.1477	0.06886	1.0	N/A	N/A
979	17	27881	rs8081071	0.2649	0.0946	0.1626	N/A	N/A
957	17	27151	rs8070440	1.0	0.1034	0.1084	N/A	N/A
105	17	3104	rs17606525	0.318	0.114	0.1626	N/A	N/A
103	17	2964	rs144610538	0.09563	0.1143	0.6419	N/A	N/A
764	17	22211	rs2294074	0.8995	0.1368	0.1128	N/A	N/A
308	17	8193	rs34938178	0.1477	0.1477	1.0	N/A	N/A
449	17	11653	rs534086418	0.1485	0.1485	1.0	N/A	N/A
330	17	8783	rs537351916	0.1485	0.1485	1.0	N/A	N/A
49	17	1398	rs148697963	0.1485	0.1485	1.0	N/A	N/A
18	17	565	rs185083614	0.1485	0.1485	1.0	N/A	N/A
747	17	21872	rs146254283	0.1485	0.1485	1.0	N/A	N/A
213	17	5994	rs375149461	0.1485	0.1485	1.0	N/A	N/A
403	17	10492	rs529799926	0.1485	0.1485	1.0	N/A	N/A
741	17	21711	rs536247122	0.1485	0.1485	1.0	N/A	N/A
184	17	5126	rs554411013	0.1485	0.1485	1.0	N/A	N/A
485	17	12685	rs113438924	0.1485	0.1485	1.0	N/A	N/A
576	17	15187	rs147166835	0.2553	0.1623	1.0	N/A	N/A
772	17	22358	rs576589254	0.1626	0.1626	1.0	N/A	N/A
725	17	20403	rs147995582	0.1626	0.1626	1.0	N/A	N/A
127	17	3604	rs151047802	0.1627	0.1627	1.0	N/A	N/A
145	17	3960	rs367646875	0.1064	0.1888	0.1485	N/A	N/A
617	17	16175	rs113943080	0.1507	0.195	1.0	N/A	N/A
770	17	22308	rs148525551	0.3058	0.2191	1.0	N/A	N/A
47	17	1389	rs62053747	0.1675	0.2203	1.0	N/A	N/A
500	17	13217	rs138200387	0.319	0.2269	1.0	N/A	N/A
451	17	11708	rs143038544	0.319	0.2269	1.0	N/A	N/A
470	17	12280	rs139074451	0.2305	0.2305	1.0	N/A	N/A
742	17	21778	rs554326767	0.2305	0.2305	1.0	N/A	N/A
436	17	11196	rs138758859	0.3317	0.2372	1.0	N/A	N/A
607	17	15867	rs146581630	0.1888	0.2374	1.0	N/A	N/A
110	17	3315	rs146477792	0.2745	0.2553	1.0	N/A	N/A
642	17	16612	rs75373690	0.2591	0.2591	1.0	N/A	N/A
729	17	20457	rs150501844	0.4134	0.2647	1.0	N/A	N/A
716	17	20080	rs111907650	0.2078	0.2649	1.0	N/A	N/A
845	17	24085	rs150113424	0.2721	0.2721	1.0	N/A	N/A
874	17	24886	rs112698438	0.2202	0.2771	1.0	N/A	N/A
247	17	6689	rs6565733	0.3652	0.279	0.1532	N/A	N/A
988	17	28149	rs142232231	0.3135	0.2866	1.0	N/A	N/A
162	17	4426	rs139430516	0.2883	0.2883	1.0	N/A	N/A
887	17	25068	rs534644735	0.2883	0.2883	1.0	N/A	N/A
358	17	9489	rs143900812	0.2883	0.2883	1.0	N/A	N/A
370	17	9684	rs142483275	0.2883	0.2883	1.0	N/A	N/A
752	17	21907	rs188083387	0.2883	0.2883	1.0	N/A	N/A
920	17	26047	rs560712286	0.2883	0.2883	1.0	N/A	N/A
758	17	22064	rs180912731	0.2883	0.2883	1.0	N/A	N/A
899	17	25534	rs146699695	0.2883	0.2883	1.0	N/A	N/A
84	17	2463	rs143389862	0.2883	0.2883	1.0	N/A	N/A
873	17	24815	rs376515145	0.2883	0.2883	1.0	N/A	N/A
865	17	24646	rs551265719	0.2883	0.2883	1.0	N/A	N/A
187	17	5154	rs189169790	0.2883	0.2883	1.0	N/A	N/A
212	17	5978	rs142705609	0.2883	0.2883	1.0	N/A	N/A
828	17	23727	rs553995711	0.2883	0.2883	1.0	N/A	N/A
786	17	22756	rs151031363	0.2883	0.2883	1.0	N/A	N/A
753	17	21917	rs540364005	0.2883	0.2883	1.0	N/A	N/A
331	17	8784	rs146457425	0.2883	0.2883	1.0	N/A	N/A
375	17	9833	rs544342929	0.2883	0.2883	1.0	N/A	N/A
493	17	13019	rs148329642	0.2883	0.2883	1.0	N/A	N/A
521	17	13656	rs563284316	0.2883	0.2883	1.0	N/A	N/A
490	17	12949	rs141338307	0.4042	0.2883	1.0	N/A	N/A
723	17	20279	rs568870983	0.2883	0.2883	1.0	N/A	N/A
30	17	931	rs528337335	0.2883	0.2883	1.0	N/A	N/A
498	17	13136	rs182665214	0.2883	0.2883	1.0	N/A	N/A
60	17	1886	rs185117150	0.2883	0.2883	1.0	N/A	N/A
406	17	10571	rs148824337	0.2883	0.2883	1.0	N/A	N/A
407	17	10583	rs36068254	1.0	0.2953	0.314	N/A	N/A
318	17	8552	rs145836038	0.3043	0.3043	1.0	N/A	N/A
111	17	3325	rs374306079	0.318	0.318	1.0	N/A	N/A
199	17	5687	rs4890175	0.9054	0.332	0.2799	N/A	N/A
161	17	4410	rs150709028	0.4963	0.3531	1.0	N/A	N/A
67	17	2039	rs150409161	0.4963	0.3531	1.0	N/A	N/A
961	17	27359	rs149034779	0.3531	0.3531	1.0	N/A	N/A
317	17	8547	rs2396789	0.7928	0.3573	0.2892	N/A	N/A
827	17	23722	rs112503307	0.2897	0.3592	1.0	N/A	N/A
906	17	25640	rs34783022	1.0	0.3712	0.3476	N/A	N/A
148	17	4004	rs575496927	0.3794	0.3794	1.0	N/A	N/A
954	17	27022	rs554593043	0.3794	0.3794	1.0	N/A	N/A
446	17	11510	rs574607661	0.3794	0.3794	1.0	N/A	N/A
530	17	13936	rs575266458	0.3857	0.3857	1.0	N/A	N/A
189	17	5366	rs181848429	0.3857	0.3857	1.0	N/A	N/A
215	17	6037	rs550710011	0.3857	0.3857	1.0	N/A	N/A
656	17	18725	rs550238965	0.3857	0.3857	1.0	N/A	N/A
863	17	24593	rs566170926	0.3857	0.3857	1.0	N/A	N/A
533	17	14066	rs191327138	0.3857	0.3857	1.0	N/A	N/A
520	17	13640	rs574919490	0.3857	0.3857	1.0	N/A	N/A
849	17	24232	rs145203527	0.3857	0.3857	1.0	N/A	N/A
592	17	15595	rs527247173	0.3857	0.3857	1.0	N/A	N/A
880	17	24973	rs559815143	0.3857	0.3857	1.0	N/A	N/A
537	17	14164	rs545481550	0.3857	0.3857	1.0	N/A	N/A
629	17	16371	rs531283664	0.3857	0.3857	1.0	N/A	N/A
623	17	16264	rs574875022	0.3857	0.3857	1.0	N/A	N/A
868	17	24707	rs555654713	0.3857	0.3857	1.0	N/A	N/A
881	17	24981	rs192537301	0.3857	0.3857	1.0	N/A	N/A
177	17	4866	rs528452674	0.3857	0.3857	1.0	N/A	N/A
872	17	24788	rs577312096	0.3857	0.3857	1.0	N/A	N/A
614	17	16066	rs568149268	0.3857	0.3857	1.0	N/A	N/A
613	17	15981	rs549859597	0.3857	0.3857	1.0	N/A	N/A
876	17	24902	rs543713315	0.3857	0.3857	1.0	N/A	N/A
611	17	15936	rs564039925	0.3857	0.3857	1.0	N/A	N/A
601	17	15765	rs534264345	0.3857	0.3857	1.0	N/A	N/A
597	17	15659	rs569437594	0.3857	0.3857	1.0	N/A	N/A
616	17	16165	rs548754017	0.3857	0.3857	1.0	N/A	N/A
726	17	20426	rs372957423	0.3857	0.3857	1.0	N/A	N/A
831	17	23768	rs558088495	0.3857	0.3857	1.0	N/A	N/A
727	17	20431	rs141636912	0.3857	0.3857	1.0	N/A	N/A
730	17	20473	rs188062492	0.3857	0.3857	1.0	N/A	N/A
378	17	9948	rs181659930	0.3857	0.3857	1.0	N/A	N/A
402	17	10488	rs562659793	0.3857	0.3857	1.0	N/A	N/A
367	17	9608	rs550498232	0.3857	0.3857	1.0	N/A	N/A
414	17	10694	rs573417941	0.3857	0.3857	1.0	N/A	N/A
431	17	11087	rs143933994	0.3857	0.3857	1.0	N/A	N/A
357	17	9477	rs533535827	0.3857	0.3857	1.0	N/A	N/A
438	17	11276	rs541900251	0.3857	0.3857	1.0	N/A	N/A
352	17	9292	rs143638734	0.3857	0.3857	1.0	N/A	N/A
439	17	11302	rs188773037	0.3857	0.3857	1.0	N/A	N/A
440	17	11343	rs572103179	0.3857	0.3857	1.0	N/A	N/A
441	17	11354	rs181448379	0.3857	0.3857	1.0	N/A	N/A
769	17	22307	rs572918442	0.3857	0.3857	1.0	N/A	N/A
464	17	11979	rs547373630	0.3857	0.3857	1.0	N/A	N/A
676	17	19068	rs140446827	0.3857	0.3857	1.0	N/A	N/A
471	17	12304	rs568415809	0.3857	0.3857	1.0	N/A	N/A
479	17	12551	rs190892409	0.3857	0.3857	1.0	N/A	N/A
487	17	12771	rs549958004	0.3857	0.3857	1.0	N/A	N/A
789	17	22835	rs576922414	0.3857	0.3857	1.0	N/A	N/A
791	17	22912	rs547951388	0.3857	0.3857	1.0	N/A	N/A
291	17	7544	rs576483010	0.3857	0.3857	1.0	N/A	N/A
290	17	7525	rs557929017	0.3857	0.3857	1.0	N/A	N/A
288	17	7478	rs572319773	0.3857	0.3857	1.0	N/A	N/A
286	17	7436	rs372084979	0.3857	0.3857	1.0	N/A	N/A
391	17	10276	rs186051806	0.3857	0.3857	1.0	N/A	N/A
264	17	7078	rs367856318	0.3857	0.3857	1.0	N/A	N/A
496	17	13087	rs555591930	0.3857	0.3857	1.0	N/A	N/A
497	17	13133	rs573789129	0.3857	0.3857	1.0	N/A	N/A
659	17	18768	rs191705491	0.3857	0.3857	1.0	N/A	N/A
890	17	25183	rs150058621	0.3857	0.3857	1.0	N/A	N/A
297	17	7817	rs532757944	0.3857	0.3857	1.0	N/A	N/A
596	17	15639	rs549920931	0.3857	0.3857	1.0	N/A	N/A
123	17	3555	rs543824416	0.3857	0.3857	1.0	N/A	N/A
972	17	27647	rs146992383	0.3857	0.3857	1.0	N/A	N/A
31	17	986	rs530075600	0.3857	0.3857	1.0	N/A	N/A
32	17	987	rs548643565	0.3857	0.3857	1.0	N/A	N/A
33	17	996	rs566874901	0.3857	0.3857	1.0	N/A	N/A
101	17	2931	rs554008476	0.3857	0.3857	1.0	N/A	N/A
112	17	3355	rs191060387	0.3857	0.3857	1.0	N/A	N/A
41	17	1180	rs375853558	0.3857	0.3857	1.0	N/A	N/A
952	17	26966	rs569195150	0.3857	0.3857	1.0	N/A	N/A
948	17	26925	rs547191547	0.3857	0.3857	1.0	N/A	N/A
68	17	2074	rs138134547	0.3857	0.3857	1.0	N/A	N/A
938	17	26487	rs573044194	0.3857	0.3857	1.0	N/A	N/A
74	17	2201	rs535380237	0.3857	0.3857	1.0	N/A	N/A
935	17	26421	rs575563553	0.3857	0.3857	1.0	N/A	N/A
934	17	26401	rs557306618	0.3857	0.3857	1.0	N/A	N/A
932	17	26362	rs181666093	0.3857	0.3857	1.0	N/A	N/A
923	17	26120	rs189012662	0.3857	0.3857	1.0	N/A	N/A
901	17	25580	rs530946606	0.3857	0.3857	1.0	N/A	N/A
132	17	3724	rs191550025	0.3857	0.3857	1.0	N/A	N/A
37	17	1073	rs564550055	0.3857	0.3857	1.0	N/A	N/A
919	17	25955	rs542745749	0.3857	0.3857	1.0	N/A	N/A
985	17	28086	rs550875423	0.3857	0.3857	1.0	N/A	N/A
5	17	168	rs529798787	0.3857	0.3857	1.0	N/A	N/A
3	17	80	rs183779916	0.3857	0.3857	1.0	N/A	N/A
136	17	3833	rs565917459	0.3857	0.3857	1.0	N/A	N/A
893	17	25265	rs543988320	0.3857	0.3857	1.0	N/A	N/A
605	17	15851	rs143331292	0.4042	0.3886	1.0	N/A	N/A
584	17	15405	rs144220793	0.4042	0.3886	1.0	N/A	N/A
609	17	15890	rs141283065	0.4042	0.3886	1.0	N/A	N/A
128	17	3621	rs140935380	0.2374	0.3886	0.1485	N/A	N/A
242	17	6475	rs113214789	0.5833	0.3897	0.3857	N/A	N/A
224	17	6188	rs17606552	0.4123	0.3994	1.0	N/A	N/A
234	17	6375	rs145324678	0.4123	0.3994	1.0	N/A	N/A
233	17	6374	rs139867090	0.4123	0.3994	1.0	N/A	N/A
610	17	15901	rs112076988	0.318	0.3994	1.0	N/A	N/A
484	17	12676	rs7209943	1.0	0.4056	0.4233	N/A	N/A
816	17	23480	rs150006285	0.4375	0.4134	1.0	N/A	N/A
914	17	25857	rs149300745	0.4375	0.4134	1.0	N/A	N/A
922	17	26076	rs143091692	0.4144	0.4144	1.0	N/A	N/A
203	17	5716	rs150234152	0.4144	0.4144	1.0	N/A	N/A
569	17	15032	rs138265386	0.4144	0.4144	1.0	N/A	N/A
458	17	11830	rs62054999	0.539	0.434	0.3211	N/A	N/A
644	17	18513	rs147361386	0.4375	0.4375	1.0	N/A	N/A
417	17	10729	rs3794814	0.4388	0.4388	1.0	N/A	N/A
542	17	14320	rs7210283	0.3984	0.447	0.2374	N/A	N/A
164	17	4466	rs142645531	0.4627	0.4627	1.0	N/A	N/A
928	17	26243	rs112350130	0.4627	0.4627	1.0	N/A	N/A
578	17	15222	rs1882989	0.8455	0.4715	0.5508	N/A	N/A
712	17	19979	rs4890176	1.0	0.4832	0.4504	N/A	N/A
695	17	19549	rs6565713	1.0	0.4857	0.4988	N/A	N/A
908	17	25648	rs62055008	0.3984	0.4922	1.0	N/A	N/A
307	17	8187	rs145358347	0.4935	0.4935	1.0	N/A	N/A
85	17	2520	rs139292994	0.4935	0.4935	1.0	N/A	N/A
585	17	15418	rs570731015	0.4946	0.4946	1.0	N/A	N/A
92	17	2748	rs143500173	0.4946	0.4946	1.0	N/A	N/A
220	17	6115	rs61739713	0.808	0.4988	0.3856	N/A	N/A
643	17	18506	rs34461226	0.7731	0.5039	0.6636	N/A	N/A
359	17	9490	rs144251127	0.5123	0.5123	1.0	N/A	N/A
319	17	8568	rs2894722	0.2276	0.5145	0.2384	N/A	N/A
929	17	26245	rs530979755	0.5206	0.5206	1.0	N/A	N/A
241	17	6474	rs550082903	0.5255	0.5255	1.0	N/A	N/A
869	17	24708	rs566875538	0.5255	0.5255	1.0	N/A	N/A
457	17	11820	rs565350200	0.5255	0.5255	1.0	N/A	N/A
683	17	19210	rs573851867	0.5255	0.5255	1.0	N/A	N/A
46	17	1382	rs369122589	0.5255	0.5255	1.0	N/A	N/A
690	17	19292	rs375849011	0.5255	0.5255	1.0	N/A	N/A
153	17	4073	rs564662225	0.5255	0.5255	1.0	N/A	N/A
239	17	6456	rs186047019	0.5255	0.5255	1.0	N/A	N/A
95	17	2817	rs80215721	0.5255	0.5255	1.0	N/A	N/A
11	17	287	rs538996847	0.5255	0.5255	1.0	N/A	N/A
672	17	18993	rs151259729	0.5255	0.5255	1.0	N/A	N/A
640	17	16557	rs568400383	0.5255	0.5255	1.0	N/A	N/A
266	17	7154	rs183307862	0.5255	0.5255	1.0	N/A	N/A
320	17	8624	rs529404409	0.5255	0.5255	1.0	N/A	N/A
646	17	18527	rs576394968	0.5255	0.5255	1.0	N/A	N/A
973	17	27709	rs185931093	0.5255	0.5255	1.0	N/A	N/A
364	17	9563	rs547035455	0.5255	0.5255	1.0	N/A	N/A
680	17	19165	rs150391530	0.5255	0.5255	1.0	N/A	N/A
647	17	18528	rs149549087	0.5255	0.5255	1.0	N/A	N/A
633	17	16439	rs141951170	0.5255	0.5255	1.0	N/A	N/A
668	17	18913	rs559347951	0.5255	0.5255	1.0	N/A	N/A
714	17	20013	rs563719076	0.5255	0.5255	1.0	N/A	N/A
26	17	834	rs9747082	0.3259	0.5314	0.2876	N/A	N/A
180	17	4966	rs2223138	0.539	0.5339	0.4034	N/A	N/A
75	17	2220	rs17055023	0.4226	0.5339	0.325	N/A	N/A
662	17	18835	rs28495754	0.8567	0.5363	0.4988	N/A	N/A
495	17	13043	rs17054921	0.5414	0.5413	1.0	N/A	N/A
255	17	6888	rs1106175	0.808	0.5473	0.4262	N/A	N/A
221	17	6157	rs2294076	0.5982	0.5489	0.3461	N/A	N/A
456	17	11802	rs111634325	0.4429	0.5566	1.0	N/A	N/A
235	17	6403	rs548255533	0.5626	0.5626	1.0	N/A	N/A
573	17	15085	rs548492917	0.5626	0.5626	1.0	N/A	N/A
175	17	4817	rs145249824	0.5626	0.5626	1.0	N/A	N/A
491	17	12959	rs143530494	0.5626	0.5626	1.0	N/A	N/A
738	17	20598	rs532259703	0.5626	0.5626	1.0	N/A	N/A
736	17	20586	rs546388347	0.5626	0.5626	1.0	N/A	N/A
854	17	24356	rs559026124	0.5626	0.5626	1.0	N/A	N/A
165	17	4493	rs146011014	0.5626	0.5626	1.0	N/A	N/A
846	17	24107	rs138555050	0.6419	0.5626	1.0	N/A	N/A
154	17	4080	rs533316944	0.5626	0.5626	1.0	N/A	N/A
167	17	4580	rs139915273	0.4608	0.5736	1.0	N/A	N/A
301	17	8057	rs113292397	0.4608	0.5736	1.0	N/A	N/A
426	17	10947	rs113264620	0.4238	0.5815	0.5833	N/A	N/A
146	17	3980	rs149494548	0.4783	0.5877	0.5255	N/A	N/A
844	17	24036	rs140796858	0.6052	0.5898	1.0	N/A	N/A
125	17	3587	rs8069278	1.0	0.595	0.612	N/A	N/A
669	17	18914	rs143682981	0.5953	0.5953	1.0	N/A	N/A
383	17	10077	rs144418494	0.5953	0.5953	1.0	N/A	N/A
653	17	18658	rs112254317	0.6137	0.6137	1.0	N/A	N/A
977	17	27834	rs143155804	0.638	0.638	1.0	N/A	N/A
986	17	28092	rs148804384	0.638	0.638	1.0	N/A	N/A
983	17	28064	rs144218289	0.638	0.638	1.0	N/A	N/A
540	17	14300	rs7220384	0.5736	0.6416	0.451	N/A	N/A
538	17	14225	rs183792699	0.6419	0.6419	1.0	N/A	N/A
916	17	25890	rs139168697	0.6419	0.6419	1.0	N/A	N/A
313	17	8402	rs187292911	0.6419	0.6419	1.0	N/A	N/A
275	17	7249	rs188035958	0.6419	0.6419	1.0	N/A	N/A
279	17	7315	rs189721567	0.6419	0.6419	1.0	N/A	N/A
292	17	7565	rs182941596	0.6419	0.6419	1.0	N/A	N/A
915	17	25875	rs146975103	0.6419	0.6419	1.0	N/A	N/A
563	17	14863	rs576007940	0.6419	0.6419	1.0	N/A	N/A
190	17	5369	rs562473869	0.6419	0.6419	1.0	N/A	N/A
524	17	13694	rs184003761	0.6419	0.6419	1.0	N/A	N/A
79	17	2404	rs149228065	0.6419	0.6419	1.0	N/A	N/A
78	17	2367	rs557861022	0.6419	0.6419	1.0	N/A	N/A
20	17	635	rs543765287	0.6419	0.6419	1.0	N/A	N/A
950	17	26964	rs191070592	0.6419	0.6419	1.0	N/A	N/A
483	17	12671	rs185278706	0.6419	0.6419	1.0	N/A	N/A
891	17	25223	rs145376641	0.6419	0.6419	1.0	N/A	N/A
488	17	12926	rs190132365	0.6419	0.6419	1.0	N/A	N/A
156	17	4184	rs570209919	0.6419	0.6419	1.0	N/A	N/A
819	17	23604	rs144255400	0.6419	0.6419	1.0	N/A	N/A
202	17	5707	rs141045354	0.6419	0.6419	1.0	N/A	N/A
461	17	11852	rs190156445	0.6419	0.6419	1.0	N/A	N/A
735	17	20585	rs528606408	0.6419	0.6419	1.0	N/A	N/A
394	17	10358	rs139881546	0.6419	0.6419	1.0	N/A	N/A
532	17	14008	rs2294075	0.7234	0.6447	0.5499	N/A	N/A
594	17	15633	rs34263281	0.5765	0.6491	0.422	N/A	N/A
587	17	15463	rs7502403	0.7922	0.6507	0.5133	N/A	N/A
926	17	26193	rs568796030	0.6541	0.6541	1.0	N/A	N/A
2	17	78	rs148170422	0.6541	0.6541	1.0	N/A	N/A
743	17	21788	rs141833461	0.6541	0.6541	1.0	N/A	N/A
911	17	25806	rs79283308	0.6585	0.6585	1.0	N/A	N/A
700	17	19679	rs7342846	0.5123	0.6585	0.3857	N/A	N/A
638	17	16538	rs538196014	0.8322	0.6667	1.0	N/A	N/A
341	17	8968	rs144616327	0.6771	0.6771	1.0	N/A	N/A
698	17	19582	rs537591751	0.6812	0.6812	1.0	N/A	N/A
750	17	21888	rs543001857	0.6812	0.6812	1.0	N/A	N/A
748	17	21873	rs184795546	0.6812	0.6812	1.0	N/A	N/A
182	17	5105	rs77743591	0.787	0.684	1.0	N/A	N/A
52	17	1665	rs34151105	0.787	0.684	1.0	N/A	N/A
62	17	1897	rs75157665	0.787	0.684	1.0	N/A	N/A
964	17	27409	rs78727535	0.8422	0.6873	1.0	N/A	N/A
571	17	15056	rs111634023	1.0	0.6891	0.1616	N/A	N/A
188	17	5290	rs147869368	0.6942	0.6942	1.0	N/A	N/A
25	17	828	rs62053745	1.0	0.7028	0.6627	N/A	N/A
900	17	25550	rs62055006	0.5736	0.7029	1.0	N/A	N/A
590	17	15588	rs111427046	0.5736	0.7029	1.0	N/A	N/A
172	17	4702	rs113560219	0.5736	0.7029	1.0	N/A	N/A
343	17	9048	rs112785199	0.5736	0.7029	1.0	N/A	N/A
347	17	9146	rs111542596	0.5736	0.7029	1.0	N/A	N/A
701	17	19688	rs8073619	0.7214	0.7051	0.5624	N/A	N/A
517	17	13546	rs6565704	0.9027	0.706	0.5633	N/A	N/A
274	17	7242	rs6420495	0.6166	0.706	0.4684	N/A	N/A
829	17	23728	rs113203458	0.5877	0.7127	1.0	N/A	N/A
664	17	18861	rs34855849	0.8574	0.7158	1.0	N/A	N/A
272	17	7199	rs138654549	0.7398	0.7398	1.0	N/A	N/A
355	17	9361	rs8081895	0.6423	0.7563	0.5516	N/A	N/A
59	17	1881	rs180682557	1.0	0.7574	0.5255	N/A	N/A
546	17	14416	rs7220537	0.7234	0.7576	0.653	N/A	N/A
88	17	2564	rs34245596	1.0	0.761	0.7713	N/A	N/A
931	17	26329	rs141815603	0.7854	0.7854	1.0	N/A	N/A
155	17	4086	rs551963291	0.7854	0.7854	1.0	N/A	N/A
332	17	8788	rs111371606	0.7928	0.7928	1.0	N/A	N/A
106	17	3146	rs144104086	0.6137	0.7928	1.0	N/A	N/A
554	17	14678	rs113247765	0.7928	0.7928	1.0	N/A	N/A
511	17	13437	rs148435850	0.7963	0.7963	1.0	N/A	N/A
761	17	22193	rs9675238	0.8131	0.8131	1.0	N/A	N/A
848	17	24203	rs140239298	0.8131	0.8131	1.0	N/A	N/A
667	17	18901	rs8064924	1.0	0.8176	0.7664	N/A	N/A
692	17	19389	rs8075072	0.8738	0.8176	0.7107	N/A	N/A
443	17	11446	rs149353840	1.0	0.8209	0.3857	N/A	N/A
277	17	7293	rs148031487	1.0	0.8209	0.3857	N/A	N/A
353	17	9308	rs147183595	1.0	0.8322	1.0	N/A	N/A
454	17	11754	rs115102180	0.689	0.8382	1.0	N/A	N/A
459	17	11837	rs76721911	0.5248	0.8459	0.3992	N/A	N/A
460	17	11843	rs76101758	0.5248	0.8459	0.3992	N/A	N/A
58	17	1880	rs77383171	0.7492	0.8631	0.8775	N/A	N/A
794	17	22933	rs113473114	0.8738	0.871	1.0	N/A	N/A
477	17	12427	rs147555988	0.7602	0.877	1.0	N/A	N/A
452	17	11743	rs34663111	1.0	0.8783	0.8247	N/A	N/A
298	17	7914	rs2894723	0.8051	0.8797	0.7171	N/A	N/A
480	17	12581	rs7209783	0.6951	0.88	0.7162	N/A	N/A
273	17	7214	rs6420494	0.6905	0.9387	0.7138	N/A	N/A
721	17	20162	rs4890168	0.87	0.9389	0.8239	N/A	N/A
473	17	12344	rs6565703	0.8024	0.9396	0.7172	N/A	N/A
529	17	13905	rs6565705	0.3688	0.9397	0.7162	N/A	N/A
657	17	18741	rs568406011	1.0	1.0	1.0	N/A	N/A
655	17	18661	rs531870818	1.0	1.0	1.0	N/A	N/A
654	17	18660	rs570754522	1.0	1.0	1.0	N/A	N/A
971	17	27640	rs184210240	1.0	1.0	1.0	N/A	N/A
969	17	27601	rs140374113	1.0	1.0	1.0	N/A	N/A
970	17	27639	rs371760802	1.0	1.0	1.0	N/A	N/A
660	17	18795	rs374100013	1.0	1.0	1.0	N/A	N/A
663	17	18860	rs576332354	1.0	1.0	1.0	N/A	N/A
661	17	18804	rs539977488	1.0	1.0	1.0	N/A	N/A
858	17	24453	rs148244143	1.0	1.0	1.0	N/A	N/A
857	17	24440	rs144075050	1.0	1.0	1.0	N/A	N/A
859	17	24499	rs550468553	1.0	1.0	1.0	N/A	N/A
658	17	18762	rs535487813	1.0	1.0	1.0	N/A	N/A
795	17	22934	rs186411762	1.0	1.0	1.0	N/A	N/A
665	17	18871	rs146719345	1.0	1.0	1.0	N/A	N/A
842	17	24003	rs192677366	1.0	1.0	1.0	N/A	N/A
843	17	24030	rs568479347	1.0	1.0	1.0	N/A	N/A
962	17	27370	rs541842065	1.0	1.0	1.0	N/A	N/A
681	17	19169	rs145416908	0.8322	1.0	0.3857	N/A	N/A
847	17	24189	rs539655584	1.0	1.0	1.0	N/A	N/A
913	17	25829	rs138620793	1.0	1.0	1.0	N/A	N/A
963	17	27399	rs560215963	1.0	1.0	1.0	N/A	N/A
678	17	19076	rs183533348	1.0	1.0	1.0	N/A	N/A
677	17	19069	rs566112002	1.0	1.0	1.0	N/A	N/A
965	17	27414	rs551999662	1.0	1.0	1.0	N/A	N/A
912	17	25810	rs186691585	1.0	1.0	1.0	N/A	N/A
675	17	19059	rs529637190	1.0	1.0	1.0	N/A	N/A
674	17	19051	rs562245363	1.0	1.0	1.0	N/A	N/A
673	17	19029	rs556730853	1.0	1.0	1.0	N/A	N/A
671	17	18981	rs564321663	1.0	1.0	1.0	N/A	N/A
670	17	18934	rs544741132	1.0	1.0	1.0	N/A	N/A
910	17	25790	rs535991948	1.0	1.0	1.0	N/A	N/A
850	17	24244	rs185061033	1.0	1.0	1.0	N/A	N/A
851	17	24278	rs531299912	1.0	1.0	1.0	N/A	N/A
852	17	24312	rs573317412	1.0	1.0	1.0	N/A	N/A
853	17	24315	rs138148232	1.0	1.0	1.0	N/A	N/A
966	17	27518	rs571782709	1.0	1.0	1.0	N/A	N/A
855	17	24391	rs149531043	1.0	1.0	1.0	N/A	N/A
967	17	27526	rs151226741	1.0	1.0	1.0	N/A	N/A
856	17	24412	rs187286747	1.0	1.0	1.0	N/A	N/A
666	17	18890	rs573540860	1.0	1.0	1.0	N/A	N/A
968	17	27578	rs551198717	1.0	1.0	1.0	N/A	N/A
909	17	25677	rs571365797	1.0	1.0	1.0	N/A	N/A
860	17	24529	rs141917811	1.0	1.0	1.0	N/A	N/A
974	17	27754	rs138102631	1.0	1.0	1.0	N/A	N/A
651	17	18559	rs559193804	1.0	1.0	1.0	N/A	N/A
619	17	16205	rs558845724	1.0	1.0	1.0	N/A	N/A
618	17	16192	rs143816254	1.0	1.0	1.0	N/A	N/A
980	17	27936	rs560153483	1.0	1.0	1.0	N/A	N/A
875	17	24897	rs189419637	1.0	1.0	1.0	N/A	N/A
981	17	27989	rs572090632	1.0	1.0	1.0	N/A	N/A
615	17	16116	rs535242405	1.0	1.0	1.0	N/A	N/A
982	17	28027	rs149566538	1.0	1.0	1.0	N/A	N/A
877	17	24943	rs533667772	1.0	1.0	1.0	N/A	N/A
612	17	15964	rs532176145	1.0	1.0	1.0	N/A	N/A
878	17	24944	rs529655844	1.0	1.0	1.0	N/A	N/A
984	17	28066	rs182914081	1.0	1.0	1.0	N/A	N/A
879	17	24965	rs541434486	1.0	1.0	1.0	N/A	N/A
898	17	25517	rs142382009	1.0	1.0	1.0	N/A	N/A
897	17	25410	rs559748938	1.0	1.0	1.0	N/A	N/A
608	17	15874	rs560139080	1.0	1.0	1.0	N/A	N/A
896	17	25377	rs181266364	1.0	1.0	1.0	N/A	N/A
882	17	24985	rs569717697	1.0	1.0	1.0	N/A	N/A
892	17	25260	rs149192388	1.0	1.0	1.0	N/A	N/A
888	17	25128	rs529269511	1.0	1.0	1.0	N/A	N/A
598	17	15690	rs536861506	1.0	1.0	1.0	N/A	N/A
599	17	15726	rs150994755	1.0	1.0	1.0	N/A	N/A
600	17	15743	rs373411786	1.0	1.0	1.0	N/A	N/A
895	17	25316	rs184398852	1.0	1.0	1.0	N/A	N/A
620	17	16206	rs576793665	1.0	1.0	1.0	N/A	N/A
886	17	25052	rs567211857	1.0	1.0	1.0	N/A	N/A
884	17	25002	rs112312375	0.8923	1.0	0.5255	N/A	N/A
602	17	15800	rs570111861	1.0	1.0	1.0	N/A	N/A
603	17	15801	rs185569226	1.0	1.0	1.0	N/A	N/A
604	17	15816	rs544272581	1.0	1.0	1.0	N/A	N/A
606	17	15858	rs377419894	1.0	1.0	1.0	N/A	N/A
883	17	24999	rs569721658	1.0	1.0	1.0	N/A	N/A
885	17	25013	rs548965634	1.0	1.0	1.0	N/A	N/A
652	17	18605	rs186490105	1.0	1.0	1.0	N/A	N/A
621	17	16252	rs180701844	1.0	1.0	1.0	N/A	N/A
624	17	16283	rs542001640	1.0	1.0	1.0	N/A	N/A
650	17	18545	rs541086774	1.0	1.0	1.0	N/A	N/A
649	17	18540	rs528903057	1.0	1.0	1.0	N/A	N/A
648	17	18532	rs181105115	1.0	1.0	1.0	N/A	N/A
861	17	24567	rs529310511	1.0	1.0	1.0	N/A	N/A
862	17	24573	rs147274072	1.0	1.0	1.0	N/A	N/A
864	17	24599	rs533512096	1.0	1.0	1.0	N/A	N/A
905	17	25638	rs546514759	1.0	1.0	1.0	N/A	N/A
645	17	18526	rs139028334	1.0	1.0	1.0	N/A	N/A
904	17	25619	rs528352854	1.0	1.0	1.0	N/A	N/A
866	17	24675	rs140776846	1.0	1.0	1.0	N/A	N/A
641	17	16564	rs535913189	1.0	1.0	1.0	N/A	N/A
975	17	27755	rs191131958	1.0	1.0	1.0	N/A	N/A
867	17	24676	rs144636429	1.0	1.0	1.0	N/A	N/A
976	17	27803	rs544067057	1.0	1.0	1.0	N/A	N/A
639	17	16539	rs556515063	1.0	1.0	1.0	N/A	N/A
637	17	16499	rs570813751	1.0	1.0	1.0	N/A	N/A
903	17	25589	rs560775024	1.0	1.0	1.0	N/A	N/A
625	17	16284	rs185034551	1.0	1.0	1.0	N/A	N/A
626	17	16293	rs572166500	1.0	1.0	1.0	N/A	N/A
627	17	16353	rs189887731	1.0	1.0	1.0	N/A	N/A
628	17	16358	rs564379868	1.0	1.0	1.0	N/A	N/A
978	17	27876	rs147062391	1.0	1.0	1.0	N/A	N/A
630	17	16413	rs549798178	1.0	1.0	1.0	N/A	N/A
622	17	16263	rs187234894	1.0	1.0	1.0	N/A	N/A
631	17	16428	rs148153937	1.0	1.0	1.0	N/A	N/A
634	17	16442	rs567027364	1.0	1.0	1.0	N/A	N/A
902	17	25583	rs549155700	1.0	1.0	1.0	N/A	N/A
635	17	16462	rs527896573	1.0	1.0	1.0	N/A	N/A
871	17	24785	rs552589081	1.0	1.0	1.0	N/A	N/A
636	17	16476	rs113823896	1.0	1.0	1.0	N/A	N/A
870	17	24720	rs184567178	1.0	1.0	1.0	N/A	N/A
632	17	16432	rs528967535	1.0	1.0	1.0	N/A	N/A
841	17	23989	rs151085016	1.0	1.0	1.0	N/A	N/A
837	17	23926	rs560276915	1.0	1.0	1.0	N/A	N/A
682	17	19188	rs555591158	1.0	1.0	1.0	N/A	N/A
808	17	23220	rs146273114	1.0	1.0	1.0	N/A	N/A
768	17	22291	rs554935539	1.0	1.0	1.0	N/A	N/A
767	17	22287	rs536574321	1.0	1.0	1.0	N/A	N/A
766	17	22282	rs575894243	1.0	1.0	1.0	N/A	N/A
765	17	22281	rs375064949	1.0	1.0	1.0	N/A	N/A
809	17	23269	rs574526577	1.0	1.0	1.0	N/A	N/A
763	17	22210	rs571839212	1.0	1.0	1.0	N/A	N/A
762	17	22197	rs144071331	1.0	1.0	1.0	N/A	N/A
760	17	22163	rs566372333	1.0	1.0	1.0	N/A	N/A
759	17	22074	rs548165273	1.0	1.0	1.0	N/A	N/A
933	17	26394	rs538988173	1.0	1.0	1.0	N/A	N/A
757	17	22005	rs562811664	1.0	1.0	1.0	N/A	N/A
756	17	21990	rs550555493	1.0	1.0	1.0	N/A	N/A
755	17	21949	rs532197511	1.0	1.0	1.0	N/A	N/A
754	17	21925	rs564705105	1.0	1.0	1.0	N/A	N/A
918	17	25949	rs575669042	1.0	1.0	1.0	N/A	N/A
810	17	23282	rs138087507	1.0	1.0	1.0	N/A	N/A
818	17	23578	rs186716994	1.0	1.0	1.0	N/A	N/A
817	17	23500	rs561639169	1.0	1.0	1.0	N/A	N/A
744	17	21839	rs181855553	1.0	1.0	1.0	N/A	N/A
815	17	23457	rs531232355	1.0	1.0	0.3857	N/A	N/A
745	17	21847	rs553581417	1.0	1.0	1.0	N/A	N/A
746	17	21861	rs578233025	1.0	1.0	1.0	N/A	N/A
930	17	26258	rs535240788	1.0	1.0	1.0	N/A	N/A
814	17	23403	rs139322397	1.0	1.0	1.0	N/A	N/A
749	17	21877	rs575499758	1.0	1.0	1.0	N/A	N/A
813	17	23353	rs150555424	1.0	1.0	1.0	N/A	N/A
936	17	26451	rs542667961	1.0	1.0	1.0	N/A	N/A
812	17	23328	rs142576290	1.0	1.0	1.0	N/A	N/A
751	17	21904	rs570425942	1.0	1.0	1.0	N/A	N/A
811	17	23326	rs181641342	1.0	1.0	1.0	N/A	N/A
937	17	26485	rs564143923	1.0	1.0	1.0	N/A	N/A
820	17	23647	rs566751394	1.0	1.0	1.0	N/A	N/A
771	17	22309	rs565042628	1.0	1.0	1.0	N/A	N/A
806	17	23183	rs138523933	0.8854	1.0	1.0	N/A	N/A
797	17	22965	rs564101103	1.0	1.0	1.0	N/A	N/A
921	17	26073	rs528275464	1.0	1.0	1.0	N/A	N/A
798	17	23004	rs191208714	1.0	1.0	1.0	N/A	N/A
799	17	23048	rs549628906	1.0	1.0	1.0	N/A	N/A
793	17	22924	rs146901659	1.0	1.0	1.0	N/A	N/A
792	17	22914	rs142663159	1.0	1.0	0.3857	N/A	N/A
800	17	23085	rs150445500	1.0	1.0	1.0	N/A	N/A
790	17	22863	rs544406299	1.0	1.0	1.0	N/A	N/A
801	17	23113	rs530236062	1.0	1.0	1.0	N/A	N/A
924	17	26184	rs532352200	0.9141	1.0	1.0	N/A	N/A
788	17	22830	rs558568592	1.0	1.0	1.0	N/A	N/A
802	17	23127	rs137993527	1.0	1.0	1.0	N/A	N/A
787	17	22800	rs533941759	1.0	1.0	1.0	N/A	N/A
785	17	22752	rs142820541	1.0	1.0	1.0	N/A	N/A
784	17	22751	rs536919389	1.0	1.0	1.0	N/A	N/A
783	17	22697	rs569388114	1.0	1.0	1.0	N/A	N/A
803	17	23133	rs149053238	1.0	1.0	1.0	N/A	N/A
927	17	26213	rs536312254	1.0	1.0	1.0	N/A	N/A
773	17	22376	rs544386443	1.0	1.0	1.0	N/A	N/A
774	17	22382	rs562587513	1.0	1.0	1.0	N/A	N/A
775	17	22406	rs200022249	1.0	1.0	1.0	N/A	N/A
805	17	23174	rs558507512	1.0	1.0	1.0	N/A	N/A
804	17	23144	rs143045462	1.0	1.0	1.0	N/A	N/A
807	17	23185	rs141898924	0.8854	1.0	1.0	N/A	N/A
776	17	22411	rs568687375	1.0	1.0	1.0	N/A	N/A
778	17	22474	rs527303773	1.0	1.0	1.0	N/A	N/A
779	17	22497	rs552252565	1.0	1.0	1.0	N/A	N/A
780	17	22509	rs570569083	1.0	1.0	1.0	N/A	N/A
781	17	22514	rs537593464	1.0	1.0	1.0	N/A	N/A
782	17	22684	rs551134560	1.0	1.0	1.0	N/A	N/A
925	17	26187	rs550529771	1.0	1.0	1.0	N/A	N/A
777	17	22447	rs368833995	1.0	1.0	1.0	N/A	N/A
840	17	23980	rs142936985	1.0	1.0	1.0	N/A	N/A
939	17	26505	rs540037184	1.0	1.0	1.0	N/A	N/A
739	17	20635	rs550477447	1.0	1.0	1.0	N/A	N/A
707	17	19894	rs112703993	0.9159	1.0	0.6541	N/A	N/A
832	17	23770	rs182582332	1.0	1.0	1.0	N/A	N/A
706	17	19881	rs575246358	1.0	1.0	1.0	N/A	N/A
705	17	19806	rs556581348	1.0	1.0	1.0	N/A	N/A
704	17	19797	rs538259298	1.0	1.0	1.0	N/A	N/A
703	17	19737	rs577173672	1.0	1.0	1.0	N/A	N/A
702	17	19732	rs565007191	1.0	1.0	1.0	N/A	N/A
699	17	19678	rs548900381	1.0	1.0	1.0	N/A	N/A
833	17	23789	rs543041329	1.0	1.0	1.0	N/A	N/A
697	17	19571	rs570172154	1.0	1.0	1.0	N/A	N/A
696	17	19562	rs551851543	1.0	1.0	1.0	N/A	N/A
834	17	23790	rs188100182	1.0	1.0	1.0	N/A	N/A
951	17	26965	rs557388759	1.0	1.0	1.0	N/A	N/A
694	17	19497	rs183540679	1.0	1.0	1.0	N/A	N/A
693	17	19463	rs548103896	1.0	1.0	1.0	N/A	N/A
691	17	19388	rs562346210	1.0	1.0	1.0	N/A	N/A
835	17	23857	rs573632655	1.0	1.0	1.0	N/A	N/A
839	17	23958	rs141826231	1.0	1.0	1.0	N/A	N/A
838	17	23955	rs527900753	1.0	1.0	1.0	N/A	N/A
684	17	19241	rs534960202	1.0	1.0	1.0	N/A	N/A
958	17	27267	rs144037653	1.0	1.0	1.0	N/A	N/A
685	17	19247	rs552537627	1.0	1.0	1.0	N/A	N/A
686	17	19256	rs561514593	1.0	1.0	1.0	N/A	N/A
708	17	19909	rs562128442	1.0	1.0	1.0	N/A	N/A
956	17	27113	rs540362203	1.0	1.0	1.0	N/A	N/A
688	17	19266	rs563050740	1.0	1.0	1.0	N/A	N/A
689	17	19289	rs576531887	1.0	1.0	1.0	N/A	N/A
796	17	22948	rs545803645	1.0	1.0	1.0	N/A	N/A
955	17	27027	rs561661146	1.0	1.0	1.0	N/A	N/A
953	17	26987	rs536239062	1.0	1.0	1.0	N/A	N/A
836	17	23901	rs540760731	1.0	1.0	1.0	N/A	N/A
687	17	19265	rs544679715	1.0	1.0	1.0	N/A	N/A
740	17	20874	rs568731902	1.0	1.0	1.0	N/A	N/A
830	17	23732	rs539719440	1.0	1.0	1.0	N/A	N/A
710	17	19965	rs191541784	1.0	1.0	1.0	N/A	N/A
940	17	26531	rs564961376	1.0	1.0	1.0	N/A	N/A
821	17	23652	rs190823135	1.0	1.0	1.0	N/A	N/A
737	17	20595	rs571138946	1.0	1.0	1.0	N/A	N/A
941	17	26625	rs186289903	1.0	1.0	1.0	N/A	N/A
822	17	23661	rs552466377	1.0	1.0	1.0	N/A	N/A
823	17	23668	rs140713210	1.0	1.0	1.0	N/A	N/A
734	17	20574	rs538529206	1.0	1.0	1.0	N/A	N/A
733	17	20556	rs542724414	1.0	1.0	1.0	N/A	N/A
824	17	23674	rs183303960	1.0	1.0	1.0	N/A	N/A
732	17	20553	rs530947517	1.0	1.0	1.0	N/A	N/A
731	17	20525	rs193017347	1.0	1.0	1.0	N/A	N/A
942	17	26644	rs544196105	1.0	1.0	1.0	N/A	N/A
728	17	20445	rs553643692	1.0	1.0	1.0	N/A	N/A
943	17	26645	rs367813658	1.0	1.0	1.0	N/A	N/A
944	17	26726	rs139950714	1.0	1.0	1.0	N/A	N/A
945	17	26737	rs149830612	1.0	1.0	1.0	N/A	N/A
946	17	26752	rs566563100	1.0	1.0	1.0	N/A	N/A
711	17	19976	rs560091403	1.0	1.0	1.0	N/A	N/A
713	17	20001	rs545410560	1.0	1.0	1.0	N/A	N/A
917	17	25926	rs563576391	1.0	1.0	1.0	N/A	N/A
949	17	26958	rs146840856	1.0	1.0	1.0	N/A	N/A
826	17	23710	rs189732999	1.0	1.0	1.0	N/A	N/A
715	17	20025	rs529783861	1.0	1.0	1.0	N/A	N/A
709	17	19934	rs574194087	1.0	1.0	1.0	N/A	N/A
947	17	26765	rs527429952	1.0	1.0	1.0	N/A	N/A
718	17	20103	rs528308342	1.0	1.0	1.0	N/A	N/A
719	17	20138	rs546451656	1.0	1.0	1.0	N/A	N/A
720	17	20139	rs571200584	1.0	1.0	1.0	N/A	N/A
722	17	20214	rs184742098	1.0	1.0	1.0	N/A	N/A
825	17	23705	rs188033847	1.0	1.0	1.0	N/A	N/A
724	17	20396	rs535934062	1.0	1.0	1.0	N/A	N/A
717	17	20097	rs567311384	1.0	1.0	1.0	N/A	N/A
889	17	25145	rs570943177	1.0	1.0	1.0	N/A	N/A
0	17	52	rs556541063	1.0	1.0	1.0	N/A	N/A
593	17	15607	rs552201538	1.0	1.0	1.0	N/A	N/A
192	17	5496	rs543251237	1.0	1.0	1.0	N/A	N/A
193	17	5536	rs536322237	1.0	1.0	1.0	N/A	N/A
194	17	5578	rs528791778	1.0	1.0	1.0	N/A	N/A
195	17	5590	rs141893517	1.0	1.0	1.0	N/A	N/A
196	17	5607	rs531663429	1.0	1.0	1.0	N/A	N/A
197	17	5638	rs532426879	1.0	1.0	1.0	N/A	N/A
198	17	5675	rs147111458	1.0	1.0	1.0	N/A	N/A
200	17	5702	rs372238175	1.0	1.0	1.0	N/A	N/A
201	17	5703	rs554349526	1.0	1.0	1.0	N/A	N/A
191	17	5489	rs531098964	1.0	1.0	1.0	N/A	N/A
204	17	5724	rs188091685	1.0	1.0	1.0	N/A	N/A
206	17	5775	rs543887109	1.0	1.0	1.0	N/A	N/A
207	17	5779	rs556183382	1.0	1.0	1.0	N/A	N/A
208	17	5845	rs138473912	1.0	1.0	1.0	N/A	N/A
209	17	5945	rs149263426	1.0	1.0	1.0	N/A	N/A
210	17	5952	rs561457560	1.0	1.0	1.0	N/A	N/A
214	17	5996	rs148678965	1.0	1.0	1.0	N/A	N/A
216	17	6042	rs372274728	1.0	1.0	1.0	N/A	N/A
217	17	6063	rs530133539	1.0	1.0	1.0	N/A	N/A
218	17	6069	rs180965628	1.0	1.0	1.0	N/A	N/A
205	17	5727	rs576752356	1.0	1.0	1.0	N/A	N/A
186	17	5153	rs539799408	1.0	1.0	1.0	N/A	N/A
185	17	5135	rs572812146	1.0	1.0	1.0	N/A	N/A
183	17	5119	rs536077638	1.0	1.0	1.0	N/A	N/A
147	17	3981	rs563395425	1.0	1.0	1.0	N/A	N/A
149	17	4008	rs542599814	1.0	1.0	1.0	N/A	N/A
150	17	4018	rs143077022	1.0	1.0	1.0	N/A	N/A
151	17	4055	rs549549098	1.0	1.0	1.0	N/A	N/A
152	17	4072	rs546265508	1.0	1.0	1.0	N/A	N/A
157	17	4233	rs537747502	1.0	1.0	1.0	N/A	N/A
158	17	4251	rs549453315	1.0	1.0	1.0	N/A	N/A
159	17	4306	rs567650020	1.0	1.0	1.0	N/A	N/A
160	17	4394	rs535037988	1.0	1.0	1.0	N/A	N/A
163	17	4449	rs538407642	1.0	1.0	1.0	N/A	N/A
166	17	4557	rs542891245	1.0	1.0	1.0	N/A	N/A
168	17	4603	rs572480700	1.0	1.0	1.0	N/A	N/A
169	17	4651	rs539860078	1.0	1.0	1.0	N/A	N/A
170	17	4667	rs564599918	1.0	1.0	1.0	N/A	N/A
171	17	4672	rs565867228	1.0	1.0	1.0	N/A	N/A
173	17	4765	rs563898075	1.0	1.0	1.0	N/A	N/A
174	17	4811	rs531047163	1.0	1.0	1.0	N/A	N/A
176	17	4847	rs567975212	1.0	1.0	1.0	N/A	N/A
178	17	4954	rs547020163	1.0	1.0	1.0	N/A	N/A
179	17	4960	rs571715415	1.0	1.0	1.0	N/A	N/A
181	17	4990	rs557204830	1.0	1.0	1.0	N/A	N/A
219	17	6073	rs566315295	1.0	1.0	1.0	N/A	N/A
144	17	3943	rs563997488	1.0	1.0	1.0	N/A	N/A
222	17	6159	rs186237157	1.0	1.0	1.0	N/A	N/A
225	17	6223	rs574413625	1.0	1.0	1.0	N/A	N/A
259	17	6941	rs552927186	1.0	1.0	1.0	N/A	N/A
260	17	6943	rs528851413	1.0	1.0	1.0	N/A	N/A
261	17	6970	rs547420998	1.0	1.0	1.0	N/A	N/A
262	17	7021	rs190812859	1.0	1.0	1.0	N/A	N/A
263	17	7034	rs539153066	1.0	1.0	1.0	N/A	N/A
265	17	7113	rs570935630	1.0	1.0	1.0	N/A	N/A
267	17	7155	rs556545626	1.0	1.0	1.0	N/A	N/A
268	17	7156	rs574803303	1.0	1.0	1.0	N/A	N/A
269	17	7157	rs144571861	1.0	1.0	1.0	N/A	N/A
258	17	6934	rs1106176	1.0	1.0	1.0	N/A	N/A
270	17	7188	rs553739154	1.0	1.0	1.0	N/A	N/A
276	17	7260	rs113436496	1.0	1.0	1.0	N/A	N/A
278	17	7302	rs547756293	1.0	1.0	1.0	N/A	N/A
280	17	7345	rs532974169	1.0	1.0	1.0	N/A	N/A
281	17	7346	rs541053462	1.0	1.0	1.0	N/A	N/A
282	17	7348	rs569749057	1.0	1.0	1.0	N/A	N/A
283	17	7350	rs538015839	1.0	1.0	1.0	N/A	N/A
284	17	7367	rs556342702	1.0	1.0	1.0	N/A	N/A
285	17	7406	rs568355081	1.0	1.0	1.0	N/A	N/A
287	17	7454	rs554071694	1.0	1.0	1.0	N/A	N/A
271	17	7189	rs374858920	1.0	1.0	1.0	N/A	N/A
257	17	6933	rs137909903	1.0	1.0	1.0	N/A	N/A
256	17	6927	rs564110392	1.0	1.0	1.0	N/A	N/A
254	17	6862	rs574893909	1.0	1.0	1.0	N/A	N/A
226	17	6249	rs535524113	1.0	1.0	1.0	N/A	N/A
227	17	6257	rs191425522	1.0	1.0	1.0	N/A	N/A
228	17	6275	rs573445947	1.0	1.0	1.0	N/A	N/A
229	17	6282	rs149792888	1.0	1.0	1.0	N/A	N/A
230	17	6297	rs565534915	1.0	1.0	1.0	N/A	N/A
231	17	6318	rs577473228	1.0	1.0	1.0	N/A	N/A
232	17	6331	rs544938651	1.0	1.0	1.0	N/A	N/A
236	17	6409	rs181496007	1.0	1.0	1.0	N/A	N/A
237	17	6438	rs527451429	1.0	1.0	1.0	N/A	N/A
238	17	6450	rs552089244	1.0	1.0	1.0	N/A	N/A
240	17	6457	rs537740428	1.0	1.0	1.0	N/A	N/A
243	17	6477	rs535462465	1.0	1.0	1.0	N/A	N/A
244	17	6591	rs553866651	1.0	1.0	1.0	N/A	N/A
245	17	6660	rs149208451	1.0	1.0	1.0	N/A	N/A
246	17	6684	rs534345347	1.0	1.0	1.0	N/A	N/A
248	17	6707	rs577410084	1.0	1.0	1.0	N/A	N/A
249	17	6766	rs142414832	1.0	1.0	1.0	N/A	N/A
250	17	6834	rs151294136	1.0	1.0	1.0	N/A	N/A
251	17	6835	rs574464250	1.0	1.0	1.0	N/A	N/A
252	17	6848	rs541838581	1.0	1.0	1.0	N/A	N/A
253	17	6857	rs560174445	1.0	1.0	1.0	N/A	N/A
223	17	6177	rs369159510	1.0	1.0	1.0	N/A	N/A
289	17	7480	rs539833334	1.0	1.0	1.0	N/A	N/A
143	17	3938	rs545900284	1.0	1.0	1.0	N/A	N/A
141	17	3900	rs147094124	1.0	1.0	1.0	N/A	N/A
39	17	1113	rs574351215	1.0	1.0	1.0	N/A	N/A
40	17	1169	rs541481054	1.0	1.0	1.0	N/A	N/A
42	17	1186	rs572177956	1.0	1.0	1.0	N/A	N/A
43	17	1326	rs540779688	1.0	1.0	1.0	N/A	N/A
44	17	1352	rs565478691	1.0	1.0	1.0	N/A	N/A
45	17	1362	rs187054480	1.0	1.0	1.0	N/A	N/A
48	17	1397	rs34845611	1.0	1.0	1.0	N/A	N/A
50	17	1407	rs142212295	1.0	1.0	1.0	N/A	N/A
51	17	1651	rs527783400	1.0	1.0	1.0	N/A	N/A
38	17	1102	rs556217481	1.0	1.0	1.0	N/A	N/A
53	17	1777	rs189415539	1.0	1.0	1.0	N/A	N/A
55	17	1784	rs550019642	1.0	1.0	1.0	N/A	N/A
56	17	1867	rs144071449	1.0	1.0	0.3857	N/A	N/A
57	17	1872	rs535386888	1.0	1.0	1.0	N/A	N/A
61	17	1896	rs557923989	1.0	1.0	1.0	N/A	N/A
63	17	1948	rs189896460	1.0	1.0	1.0	N/A	N/A
64	17	1964	rs181198927	1.0	1.0	1.0	N/A	N/A
65	17	1980	rs575041120	1.0	1.0	1.0	N/A	N/A
66	17	2014	rs140577192	1.0	1.0	1.0	N/A	N/A
69	17	2077	rs551940241	1.0	1.0	1.0	N/A	N/A
54	17	1782	rs140338270	1.0	1.0	1.0	N/A	N/A
36	17	1071	rs570359414	1.0	1.0	1.0	N/A	N/A
35	17	1026	rs558340419	1.0	1.0	1.0	N/A	N/A
34	17	1009	rs182126826	1.0	1.0	1.0	N/A	N/A
1	17	56	rs145615430	1.0	1.0	1.0	N/A	N/A
4	17	92	rs562410061	1.0	1.0	1.0	N/A	N/A
6	17	173	rs536031036	1.0	1.0	1.0	N/A	N/A
7	17	174	rs188505217	1.0	1.0	1.0	N/A	N/A
8	17	185	rs528728697	1.0	1.0	1.0	N/A	N/A
9	17	186	rs547289895	1.0	1.0	1.0	N/A	N/A
10	17	224	rs571989820	1.0	1.0	1.0	N/A	N/A
12	17	355	rs141990622	1.0	1.0	1.0	N/A	N/A
13	17	366	rs191758786	1.0	1.0	1.0	N/A	N/A
14	17	439	rs536749879	1.0	1.0	1.0	N/A	N/A
15	17	460	rs554808397	1.0	1.0	1.0	N/A	N/A
16	17	498	rs572980552	1.0	1.0	1.0	N/A	N/A
17	17	508	rs533767596	1.0	1.0	1.0	N/A	N/A
19	17	589	rs576742776	1.0	1.0	1.0	N/A	N/A
21	17	651	rs189907923	1.0	1.0	1.0	N/A	N/A
22	17	684	rs150675064	1.0	1.0	1.0	N/A	N/A
23	17	738	rs541892461	1.0	1.0	1.0	N/A	N/A
24	17	790	rs560016655	1.0	1.0	1.0	N/A	N/A
27	17	839	rs147377984	1.0	1.0	1.0	N/A	N/A
28	17	851	rs532855865	1.0	1.0	1.0	N/A	N/A
29	17	907	rs551040666	1.0	1.0	1.0	N/A	N/A
70	17	2091	rs564262273	1.0	1.0	1.0	N/A	N/A
142	17	3936	rs7213004	0.2867	1.0	0.5532	N/A	N/A
71	17	2128	rs531497988	1.0	1.0	1.0	N/A	N/A
73	17	2154	rs568295427	1.0	1.0	1.0	N/A	N/A
115	17	3434	rs548775687	1.0	1.0	1.0	N/A	N/A
116	17	3435	rs567369002	1.0	1.0	1.0	N/A	N/A
117	17	3450	rs535611773	1.0	1.0	1.0	N/A	N/A
118	17	3501	rs553947222	1.0	1.0	1.0	N/A	N/A
119	17	3507	rs565977617	1.0	1.0	1.0	N/A	N/A
120	17	3509	rs140627374	1.0	1.0	1.0	N/A	N/A
121	17	3522	rs558460839	1.0	1.0	1.0	N/A	N/A
122	17	3535	rs576339859	1.0	1.0	1.0	N/A	N/A
124	17	3558	rs555546065	1.0	1.0	1.0	N/A	N/A
114	17	3430	rs530555020	1.0	1.0	1.0	N/A	N/A
126	17	3589	rs541182072	1.0	1.0	1.0	N/A	N/A
130	17	3657	rs186792786	1.0	1.0	1.0	N/A	N/A
131	17	3711	rs530389083	1.0	1.0	1.0	N/A	N/A
133	17	3739	rs560773661	1.0	1.0	1.0	N/A	N/A
134	17	3808	rs188332872	1.0	1.0	1.0	N/A	N/A
135	17	3819	rs147959869	1.0	1.0	1.0	N/A	N/A
137	17	3840	rs539675289	1.0	1.0	1.0	N/A	N/A
138	17	3845	rs551762754	1.0	1.0	1.0	N/A	N/A
139	17	3859	rs141822006	1.0	1.0	1.0	N/A	N/A
140	17	3871	rs192849951	1.0	1.0	1.0	N/A	N/A
129	17	3640	rs183532341	1.0	1.0	1.0	N/A	N/A
113	17	3363	rs569542045	1.0	1.0	1.0	N/A	N/A
109	17	3277	rs541245527	1.0	1.0	1.0	N/A	N/A
108	17	3264	rs529051282	1.0	1.0	1.0	N/A	N/A
76	17	2224	rs565667212	1.0	1.0	1.0	N/A	N/A
77	17	2332	rs186702710	1.0	1.0	1.0	N/A	N/A
80	17	2407	rs538397010	1.0	1.0	1.0	N/A	N/A
81	17	2426	rs556483942	1.0	1.0	1.0	N/A	N/A
82	17	2440	rs376976645	1.0	1.0	1.0	N/A	N/A
83	17	2451	rs542143148	1.0	1.0	1.0	N/A	N/A
86	17	2539	rs143215731	1.0	1.0	1.0	N/A	N/A
87	17	2540	rs369149020	1.0	1.0	1.0	N/A	N/A
89	17	2655	rs550294144	1.0	1.0	1.0	N/A	N/A
90	17	2664	rs561721695	1.0	1.0	1.0	N/A	N/A
91	17	2717	rs138028911	1.0	1.0	1.0	N/A	N/A
93	17	2801	rs112513622	1.0	1.0	1.0	N/A	N/A
94	17	2805	rs532922553	1.0	1.0	1.0	N/A	N/A
96	17	2833	rs191439637	1.0	1.0	1.0	N/A	N/A
97	17	2837	rs149757548	1.0	1.0	1.0	N/A	N/A
98	17	2865	rs555472791	1.0	1.0	1.0	N/A	N/A
99	17	2891	rs183750541	1.0	1.0	1.0	N/A	N/A
100	17	2893	rs546471187	1.0	1.0	1.0	N/A	N/A
102	17	2954	rs572412553	1.0	1.0	1.0	N/A	N/A
104	17	3011	rs557724623	1.0	1.0	1.0	N/A	N/A
107	17	3231	rs188581342	1.0	1.0	1.0	N/A	N/A
72	17	2148	rs549717069	1.0	1.0	1.0	N/A	N/A
293	17	7588	rs187800546	1.0	1.0	1.0	N/A	N/A
294	17	7610	rs573917543	1.0	1.0	1.0	N/A	N/A
295	17	7630	rs541314000	1.0	1.0	1.0	N/A	N/A
492	17	13008	rs539464116	1.0	1.0	1.0	N/A	N/A
987	17	28094	rs187066725	1.0	1.0	1.0	N/A	N/A
499	17	13198	rs553017372	1.0	1.0	1.0	N/A	N/A
501	17	13249	rs544616493	1.0	1.0	1.0	N/A	N/A
502	17	13277	rs143104271	0.8448	1.0	1.0	N/A	N/A
503	17	13321	rs146154099	1.0	1.0	1.0	N/A	N/A
504	17	13373	rs140160437	1.0	1.0	1.0	N/A	N/A
505	17	13377	rs188641366	1.0	1.0	1.0	N/A	N/A
506	17	13384	rs149408044	1.0	1.0	1.0	N/A	N/A
489	17	12934	rs113766680	1.0	1.0	1.0	N/A	N/A
507	17	13420	rs548035678	1.0	1.0	1.0	N/A	N/A
509	17	13424	rs533311196	1.0	1.0	1.0	N/A	N/A
510	17	13436	rs551796357	1.0	1.0	1.0	N/A	N/A
512	17	13477	rs142553344	1.0	1.0	1.0	N/A	N/A
513	17	13482	rs555928388	1.0	1.0	1.0	N/A	N/A
514	17	13483	rs147150297	1.0	1.0	1.0	N/A	N/A
515	17	13496	rs534535840	1.0	1.0	1.0	N/A	N/A
516	17	13510	rs553194348	1.0	1.0	1.0	N/A	N/A
518	17	13583	rs538585345	1.0	1.0	1.0	N/A	N/A
519	17	13592	rs556521924	1.0	1.0	1.0	N/A	N/A
508	17	13423	rs144771185	1.0	1.0	1.0	N/A	N/A
486	17	12709	rs531742757	1.0	1.0	1.0	N/A	N/A
482	17	12653	rs182271940	1.0	1.0	1.0	N/A	N/A
481	17	12608	rs541007636	1.0	1.0	1.0	N/A	N/A
435	17	11167	rs150218983	1.0	1.0	1.0	N/A	N/A
437	17	11268	rs574529631	1.0	1.0	1.0	N/A	N/A
442	17	11399	rs186130544	1.0	1.0	1.0	N/A	N/A
444	17	11454	rs113389073	1.0	1.0	1.0	N/A	N/A
445	17	11477	rs144661298	1.0	1.0	1.0	N/A	N/A
447	17	11562	rs111316526	1.0	1.0	1.0	N/A	N/A
448	17	11594	rs565778102	1.0	1.0	1.0	N/A	N/A
450	17	11707	rs552734585	1.0	1.0	1.0	N/A	N/A
453	17	11753	rs146134265	1.0	1.0	1.0	N/A	N/A
455	17	11778	rs535463745	1.0	1.0	1.0	N/A	N/A
463	17	11910	rs528855216	1.0	1.0	1.0	N/A	N/A
465	17	12015	rs182391242	1.0	1.0	1.0	N/A	N/A
466	17	12094	rs533037520	1.0	1.0	1.0	N/A	N/A
467	17	12220	rs551224791	1.0	1.0	1.0	N/A	N/A
468	17	12231	rs151171550	1.0	1.0	1.0	N/A	N/A
469	17	12241	rs538072434	1.0	1.0	1.0	N/A	N/A
472	17	12324	rs535818166	1.0	1.0	1.0	N/A	N/A
474	17	12345	rs572380349	1.0	1.0	1.0	N/A	N/A
475	17	12367	rs539899964	1.0	1.0	1.0	N/A	N/A
476	17	12377	rs187353099	1.0	1.0	1.0	N/A	N/A
478	17	12510	rs71369953	1.0	1.0	1.0	N/A	N/A
522	17	13660	rs560833847	1.0	1.0	1.0	N/A	N/A
434	17	11166	rs111961316	1.0	1.0	1.0	N/A	N/A
523	17	13677	rs192955203	1.0	1.0	1.0	N/A	N/A
526	17	13750	rs530074727	1.0	1.0	1.0	N/A	N/A
562	17	14857	rs564448571	1.0	1.0	1.0	N/A	N/A
564	17	14904	rs543336798	1.0	1.0	1.0	N/A	N/A
565	17	14971	rs139027687	1.0	1.0	1.0	N/A	N/A
566	17	14982	rs375572102	1.0	1.0	1.0	N/A	N/A
567	17	14983	rs150886394	1.0	1.0	1.0	N/A	N/A
568	17	15022	rs565046929	1.0	1.0	1.0	N/A	N/A
570	17	15039	rs550358190	1.0	1.0	1.0	N/A	N/A
572	17	15076	rs529923732	1.0	1.0	1.0	N/A	N/A
574	17	15089	rs566316868	1.0	1.0	1.0	N/A	N/A
561	17	14856	rs545629713	1.0	1.0	1.0	N/A	N/A
575	17	15156	rs533800464	1.0	1.0	1.0	N/A	N/A
579	17	15238	rs557570953	1.0	1.0	1.0	N/A	N/A
580	17	15343	rs184340375	1.0	1.0	1.0	N/A	N/A
581	17	15347	rs190157677	1.0	1.0	1.0	N/A	N/A
582	17	15348	rs181784876	1.0	1.0	1.0	N/A	N/A
583	17	15400	rs574908049	1.0	1.0	1.0	N/A	N/A
586	17	15421	rs532459953	1.0	1.0	1.0	N/A	N/A
588	17	15495	rs562320423	1.0	1.0	1.0	N/A	N/A
589	17	15527	rs528356611	1.0	1.0	1.0	N/A	N/A
591	17	15593	rs142674657	1.0	1.0	1.0	N/A	N/A
577	17	15192	rs570567443	1.0	1.0	1.0	N/A	N/A
560	17	14852	rs578193365	1.0	1.0	1.0	N/A	N/A
559	17	14840	rs144950134	1.0	1.0	1.0	N/A	N/A
558	17	14793	rs533631637	1.0	1.0	1.0	N/A	N/A
527	17	13822	rs552138140	1.0	1.0	1.0	N/A	N/A
528	17	13874	rs188847216	1.0	1.0	1.0	N/A	N/A
531	17	13999	rs567666802	1.0	1.0	1.0	N/A	N/A
534	17	14090	rs577567679	1.0	1.0	1.0	N/A	N/A
535	17	14138	rs538522263	1.0	1.0	1.0	N/A	N/A
536	17	14144	rs556856285	1.0	1.0	1.0	N/A	N/A
539	17	14230	rs554601775	1.0	1.0	1.0	N/A	N/A
541	17	14301	rs540364896	1.0	1.0	1.0	N/A	N/A
543	17	14335	rs578232158	1.0	1.0	1.0	N/A	N/A
544	17	14362	rs545691154	1.0	1.0	1.0	N/A	N/A
545	17	14404	rs563988673	1.0	1.0	1.0	N/A	N/A
547	17	14417	rs7223862	0.4369	1.0	0.716	N/A	N/A
548	17	14420	rs561371525	1.0	1.0	1.0	N/A	N/A
549	17	14491	rs535819852	1.0	1.0	1.0	N/A	N/A
550	17	14494	rs547097217	1.0	1.0	1.0	N/A	N/A
551	17	14503	rs143704764	1.0	1.0	1.0	N/A	N/A
552	17	14535	rs538461554	1.0	1.0	1.0	N/A	N/A
553	17	14569	rs188519179	1.0	1.0	1.0	N/A	N/A
555	17	14702	rs536191902	1.0	1.0	1.0	N/A	N/A
556	17	14706	rs554259129	1.0	1.0	1.0	N/A	N/A
557	17	14748	rs566497083	1.0	1.0	1.0	N/A	N/A
525	17	13695	rs559943257	1.0	1.0	1.0	N/A	N/A
433	17	11117	rs192464890	1.0	1.0	1.0	N/A	N/A
432	17	11088	rs189360843	1.0	1.0	1.0	N/A	N/A
430	17	11084	rs138810715	1.0	1.0	1.0	N/A	N/A
336	17	8889	rs559157244	1.0	1.0	1.0	N/A	N/A
337	17	8925	rs528169449	1.0	1.0	1.0	N/A	N/A
338	17	8959	rs539978227	1.0	1.0	1.0	N/A	N/A
339	17	8961	rs559883648	1.0	1.0	1.0	N/A	N/A
340	17	8967	rs189328278	1.0	1.0	1.0	N/A	N/A
342	17	9034	rs181317372	1.0	1.0	1.0	N/A	N/A
344	17	9051	rs549404120	1.0	1.0	1.0	N/A	N/A
345	17	9082	rs140411848	1.0	1.0	1.0	N/A	N/A
346	17	9090	rs535114579	1.0	1.0	1.0	N/A	N/A
335	17	8827	rs542224255	1.0	1.0	1.0	N/A	N/A
348	17	9151	rs577465047	1.0	1.0	1.0	N/A	N/A
350	17	9275	rs138061305	1.0	1.0	1.0	N/A	N/A
351	17	9280	rs575181609	1.0	1.0	1.0	N/A	N/A
354	17	9331	rs572541689	1.0	1.0	1.0	N/A	N/A
356	17	9466	rs564853069	1.0	1.0	1.0	N/A	N/A
360	17	9493	rs531230798	1.0	1.0	1.0	N/A	N/A
361	17	9496	rs549739546	1.0	1.0	1.0	N/A	N/A
362	17	9530	rs185818291	1.0	1.0	1.0	N/A	N/A
363	17	9531	rs528515145	1.0	1.0	1.0	N/A	N/A
365	17	9583	rs571656386	1.0	1.0	1.0	N/A	N/A
349	17	9189	rs538468671	1.0	1.0	1.0	N/A	N/A
334	17	8813	rs184502192	1.0	1.0	1.0	N/A	N/A
333	17	8792	rs180674392	1.0	1.0	1.0	N/A	N/A
329	17	8777	rs534765445	1.0	1.0	1.0	N/A	N/A
296	17	7790	rs559705130	1.0	1.0	1.0	N/A	N/A
299	17	8001	rs373002313	1.0	1.0	1.0	N/A	N/A
300	17	8047	rs530617467	1.0	1.0	1.0	N/A	N/A
302	17	8071	rs568292696	1.0	1.0	1.0	N/A	N/A
303	17	8089	rs535674546	1.0	1.0	1.0	N/A	N/A
304	17	8094	rs547647501	1.0	1.0	1.0	N/A	N/A
305	17	8156	rs566369554	1.0	1.0	1.0	N/A	N/A
306	17	8162	rs539402664	1.0	1.0	1.0	N/A	N/A
309	17	8294	rs537529823	1.0	1.0	1.0	N/A	N/A
310	17	8346	rs555928479	1.0	1.0	1.0	N/A	N/A
311	17	8362	rs370426289	1.0	1.0	1.0	N/A	N/A
312	17	8387	rs149846940	1.0	1.0	1.0	N/A	N/A
314	17	8449	rs577873462	1.0	1.0	1.0	N/A	N/A
315	17	8459	rs545023266	1.0	1.0	1.0	N/A	N/A
316	17	8490	rs563277384	1.0	1.0	1.0	N/A	N/A
321	17	8646	rs547586011	1.0	1.0	1.0	N/A	N/A
322	17	8651	rs566186625	1.0	1.0	1.0	N/A	N/A
323	17	8661	rs192235327	1.0	1.0	1.0	N/A	N/A
325	17	8665	rs570013360	1.0	1.0	1.0	N/A	N/A
327	17	8690	rs189407614	1.0	1.0	1.0	N/A	N/A
328	17	8692	rs567773410	1.0	1.0	1.0	N/A	N/A
366	17	9587	rs148715343	1.0	1.0	1.0	N/A	N/A
368	17	9648	rs568751522	1.0	1.0	1.0	N/A	N/A
369	17	9683	rs535256876	1.0	1.0	1.0	N/A	N/A
371	17	9706	rs367665901	1.0	1.0	1.0	N/A	N/A
404	17	10494	rs187068389	1.0	1.0	1.0	N/A	N/A
405	17	10497	rs566709173	1.0	1.0	1.0	N/A	N/A
408	17	10594	rs151013995	1.0	1.0	1.0	N/A	N/A
409	17	10606	rs111267220	1.0	1.0	1.0	N/A	N/A
410	17	10633	rs182893567	1.0	1.0	1.0	N/A	N/A
411	17	10656	rs372334418	1.0	1.0	1.0	N/A	N/A
412	17	10666	rs535589636	1.0	1.0	1.0	N/A	N/A
413	17	10667	rs555191857	1.0	1.0	1.0	N/A	N/A
415	17	10698	rs540547466	1.0	1.0	1.0	N/A	N/A
416	17	10704	rs187558289	1.0	1.0	1.0	N/A	N/A
418	17	10744	rs112917800	1.0	1.0	1.0	N/A	N/A
419	17	10754	rs562597175	1.0	1.0	1.0	N/A	N/A
420	17	10817	rs530133425	1.0	1.0	1.0	N/A	N/A
421	17	10841	rs17054915	0.8448	1.0	1.0	N/A	N/A
422	17	10866	rs185732955	1.0	1.0	1.0	N/A	N/A
423	17	10890	rs527511426	1.0	1.0	1.0	N/A	N/A
424	17	10921	rs552150934	1.0	1.0	1.0	N/A	N/A
425	17	10937	rs570731846	1.0	1.0	1.0	N/A	N/A
427	17	10991	rs113975923	1.0	1.0	1.0	N/A	N/A
428	17	11059	rs556669507	1.0	1.0	1.0	N/A	N/A
429	17	11083	rs146006915	1.0	1.0	1.0	N/A	N/A
401	17	10481	rs534710868	1.0	1.0	1.0	N/A	N/A
595	17	15634	rs537916633	1.0	1.0	1.0	N/A	N/A
400	17	10475	rs182473537	1.0	1.0	1.0	N/A	N/A
398	17	10443	rs143254323	1.0	1.0	1.0	N/A	N/A
372	17	9708	rs533569303	1.0	1.0	1.0	N/A	N/A
373	17	9724	rs558581400	1.0	1.0	1.0	N/A	N/A
374	17	9827	rs150906404	1.0	1.0	1.0	N/A	N/A
376	17	9904	rs571562853	1.0	1.0	1.0	N/A	N/A
377	17	9922	rs575945237	1.0	1.0	1.0	N/A	N/A
379	17	9968	rs561581316	1.0	1.0	1.0	N/A	N/A
380	17	9995	rs528443107	1.0	1.0	1.0	N/A	N/A
381	17	10014	rs139738597	1.0	1.0	1.0	N/A	N/A
382	17	10076	rs565326095	1.0	1.0	1.0	N/A	N/A
384	17	10127	rs550694728	1.0	1.0	1.0	N/A	N/A
385	17	10171	rs568690450	1.0	1.0	1.0	N/A	N/A
386	17	10215	rs146598546	1.0	1.0	1.0	N/A	N/A
387	17	10232	rs113615868	1.0	1.0	1.0	N/A	N/A
388	17	10239	rs111689816	1.0	1.0	1.0	N/A	N/A
389	17	10240	rs533738022	1.0	1.0	1.0	N/A	N/A
390	17	10275	rs558267390	1.0	1.0	1.0	N/A	N/A
392	17	10282	rs537530453	1.0	1.0	1.0	N/A	N/A
393	17	10303	rs556314245	1.0	1.0	1.0	N/A	N/A
395	17	10372	rs543249413	1.0	1.0	1.0	N/A	N/A
396	17	10389	rs113719856	1.0	1.0	1.0	N/A	N/A
397	17	10397	rs111467827	1.0	1.0	1.0	N/A	N/A
399	17	10469	rs565118854	1.0	1.0	1.0	N/A	N/A
494	17	13042	rs141453740	1.0	1.0	1.0	N/A	N/A
